State,Year,Total_Population
Alabama,1991,4100000
Alabama,1992,4136000
Alabama,1993,4168000
Alabama,1994,4219000
Alabama,1995,4253000
Alabama,1996,4273000
Alabama,1997,4319000
Alabama,1998,4352000
Alabama,1999,4370000
Alabama,2000,4447100
Alabama,2001,4480364
Alabama,2002,4513627
Alabama,2003,4546891
Alabama,2004,4580154
Alabama,2005,4613418
Alabama,2006,4646682
Alabama,2007,4679945
Alabama,2008,4713209
Alabama,2009,4746472
Alabama,2010,4779736
Alabama,2011,4804190
Alabama,2012,4828645
Alabama,2013,4853099
Alabama,2014,4877553
Alabama,2015,4902008
Alabama,2016,4926462
Alabama,2017,4950916
Alabama,2018,4975370
Alabama,2019,4999825
Alabama,2020,5024279
Alabama,2021,5048733
Alabama,2022,5073188
Alabama,2023,5097642
Alabama,2024,5122096
Alaska,1991,570000
Alaska,1992,587000
Alaska,1993,600000
Alaska,1994,604000
Alaska,1995,604000
Alaska,1996,608000
Alaska,1997,610000
Alaska,1998,614000
Alaska,1999,620000
Alaska,2000,626932
Alaska,2001,635262
Alaska,2002,643592
Alaska,2003,651922
Alaska,2004,660252
Alaska,2005,668582
Alaska,2006,676911
Alaska,2007,685241
Alaska,2008,693571
Alaska,2009,701901
Alaska,2010,710231
Alaska,2011,712547
Alaska,2012,714863
Alaska,2013,717179
Alaska,2014,719495
Alaska,2015,721811
Alaska,2016,724127
Alaska,2017,726443
Alaska,2018,728759
Alaska,2019,731075
Alaska,2020,733391
Alaska,2021,735707
Alaska,2022,738023
Alaska,2023,740339
Alaska,2024,742655
Arizona,1991,3747000
Arizona,1992,3832000
Arizona,1993,3936000
Arizona,1994,4075000
Arizona,1995,4218000
Arizona,1996,4428000
Arizona,1997,4555000
Arizona,1998,4669000
Arizona,1999,4778000
Arizona,2000,5130632
Arizona,2001,5256770
Arizona,2002,5382909
Arizona,2003,5509048
Arizona,2004,5635186
Arizona,2005,5761324
Arizona,2006,5887463
Arizona,2007,6013602
Arizona,2008,6139740
Arizona,2009,6265878
Arizona,2010,6392017
Arizona,2011,6467966
Arizona,2012,6543914
Arizona,2013,6619862
Arizona,2014,6695811
Arizona,2015,6771760
Arizona,2016,6847708
Arizona,2017,6923656
Arizona,2018,6999605
Arizona,2019,7075554
Arizona,2020,7151502
Arizona,2021,7227450
Arizona,2022,7303399
Arizona,2023,7379348
Arizona,2024,7455296
Arkansas,1991,2372000
Arkansas,1992,2399000
Arkansas,1993,2424000
Arkansas,1994,2453000
Arkansas,1995,2480000
Arkansas,1996,2509000
Arkansas,1997,2523000
Arkansas,1998,2538000
Arkansas,1999,2551000
Arkansas,2000,2673400
Arkansas,2001,2697652
Arkansas,2002,2721904
Arkansas,2003,2746155
Arkansas,2004,2770407
Arkansas,2005,2794659
Arkansas,2006,2818911
Arkansas,2007,2843163
Arkansas,2008,2867414
Arkansas,2009,2891666
Arkansas,2010,2915918
Arkansas,2011,2925479
Arkansas,2012,2935039
Arkansas,2013,2944600
Arkansas,2014,2954160
Arkansas,2015,2963721
Arkansas,2016,2973282
Arkansas,2017,2982842
Arkansas,2018,2992403
Arkansas,2019,3001963
Arkansas,2020,3011524
Arkansas,2021,3021085
Arkansas,2022,3030645
Arkansas,2023,3040206
Arkansas,2024,3049766
California,1991,30380000
California,1992,30867000
California,1993,31211000
California,1994,31367000
California,1995,31493000
California,1996,31878000
California,1997,32268000
California,1998,32667000
California,1999,33145000
California,2000,33871648
California,2001,34209879
California,2002,34548110
California,2003,34886340
California,2004,35224571
California,2005,35562802
California,2006,35901033
California,2007,36239264
California,2008,36577494
California,2009,36915725
California,2010,37253956
California,2011,37482383
California,2012,37710809
California,2013,37939236
California,2014,38167663
California,2015,38396090
California,2016,38624516
California,2017,38852943
California,2018,39081370
California,2019,39309796
California,2020,39538223
California,2021,39766650
California,2022,39995076
California,2023,40223503
California,2024,40451930
Colorado,1991,3377000
Colorado,1992,3470000
Colorado,1993,3565000
Colorado,1994,3656000
Colorado,1995,3747000
Colorado,1996,3823000
Colorado,1997,3893000
Colorado,1998,3971000
Colorado,1999,4056000
Colorado,2000,4301261
Colorado,2001,4374054
Colorado,2002,4446848
Colorado,2003,4519642
Colorado,2004,4592435
Colorado,2005,4665228
Colorado,2006,4738022
Colorado,2007,4810816
Colorado,2008,4883609
Colorado,2009,4956402
Colorado,2010,5029196
Colorado,2011,5103648
Colorado,2012,5178100
Colorado,2013,5252551
Colorado,2014,5327003
Colorado,2015,5401455
Colorado,2016,5475907
Colorado,2017,5550359
Colorado,2018,5624810
Colorado,2019,5699262
Colorado,2020,5773714
Colorado,2021,5848166
Colorado,2022,5922618
Colorado,2023,5997069
Colorado,2024,6071521
Connecticut,1991,3291000
Connecticut,1992,3281000
Connecticut,1993,3277000
Connecticut,1994,3275000
Connecticut,1995,3274000
Connecticut,1996,3275000
Connecticut,1997,3270000
Connecticut,1998,3274000
Connecticut,1999,3282000
Connecticut,2000,3405565
Connecticut,2001,3422418
Connecticut,2002,3439271
Connecticut,2003,3456125
Connecticut,2004,3472978
Connecticut,2005,3489831
Connecticut,2006,3506684
Connecticut,2007,3523537
Connecticut,2008,3540391
Connecticut,2009,3557244
Connecticut,2010,3574097
Connecticut,2011,3577282
Connecticut,2012,3580466
Connecticut,2013,3583651
Connecticut,2014,3586836
Connecticut,2015,3590020
Connecticut,2016,3593205
Connecticut,2017,3596390
Connecticut,2018,3599575
Connecticut,2019,3602759
Connecticut,2020,3605944
Connecticut,2021,3609129
Connecticut,2022,3612313
Connecticut,2023,3615498
Connecticut,2024,3618683
Delaware,1991,685000
Delaware,1992,693000
Delaware,1993,700000
Delaware,1994,707000
Delaware,1995,717000
Delaware,1996,725000
Delaware,1997,732000
Delaware,1998,743000
Delaware,1999,753000
Delaware,2000,783600
Delaware,2001,795033
Delaware,2002,806467
Delaware,2003,817900
Delaware,2004,829334
Delaware,2005,840767
Delaware,2006,852200
Delaware,2007,863634
Delaware,2008,875067
Delaware,2009,886501
Delaware,2010,897934
Delaware,2011,907135
Delaware,2012,916337
Delaware,2013,925538
Delaware,2014,934740
Delaware,2015,943941
Delaware,2016,953142
Delaware,2017,962344
Delaware,2018,971545
Delaware,2019,980747
Delaware,2020,989948
Delaware,2021,999149
Delaware,2022,1008351
Delaware,2023,1017552
Delaware,2024,1026754
District of Columbia,1991,598000
District of Columbia,1992,589000
District of Columbia,1993,578000
District of Columbia,1994,570000
District of Columbia,1995,554000
District of Columbia,1996,543000
District of Columbia,1997,529000
District of Columbia,1998,523000
District of Columbia,1999,519000
District of Columbia,2000,572059
District of Columbia,2001,575025
District of Columbia,2002,577992
District of Columbia,2003,580958
District of Columbia,2004,583925
District of Columbia,2005,586891
District of Columbia,2006,589857
District of Columbia,2007,592824
District of Columbia,2008,595790
District of Columbia,2009,598757
District of Columbia,2010,601723
District of Columbia,2011,610505
District of Columbia,2012,619287
District of Columbia,2013,628070
District of Columbia,2014,636852
District of Columbia,2015,645634
District of Columbia,2016,654416
District of Columbia,2017,663198
District of Columbia,2018,671981
District of Columbia,2019,680763
District of Columbia,2020,689545
District of Columbia,2021,698327
District of Columbia,2022,707109
District of Columbia,2023,715892
District of Columbia,2024,724674
Florida,1991,13277000
Florida,1992,13488000
Florida,1993,13678000
Florida,1994,13953000
Florida,1995,14166000
Florida,1996,14400000
Florida,1997,14654000
Florida,1998,14916000
Florida,1999,15111000
Florida,2000,15982378
Florida,2001,16264271
Florida,2002,16546164
Florida,2003,16828058
Florida,2004,17109951
Florida,2005,17391844
Florida,2006,17673737
Florida,2007,17955630
Florida,2008,18237524
Florida,2009,18519417
Florida,2010,18801310
Florida,2011,19074998
Florida,2012,19348685
Florida,2013,19622373
Florida,2014,19896061
Florida,2015,20169748
Florida,2016,20443436
Florida,2017,20717124
Florida,2018,20990812
Florida,2019,21264499
Florida,2020,21538187
Florida,2021,21811875
Florida,2022,22085562
Florida,2023,22359250
Florida,2024,22632938
Georgia,1991,6917000
Georgia,1992,7099000
Georgia,1993,7273000
Georgia,1994,7458000
Georgia,1995,7201000
Georgia,1996,7353000
Georgia,1997,7486000
Georgia,1998,7642000
Georgia,1999,7788000
Georgia,2000,8186453
Georgia,2001,8336573
Georgia,2002,8486693
Georgia,2003,8636813
Georgia,2004,8786933
Georgia,2005,8937053
Georgia,2006,9087173
Georgia,2007,9237293
Georgia,2008,9387413
Georgia,2009,9537533
Georgia,2010,9687653
Georgia,2011,9790078
Georgia,2012,9892504
Georgia,2013,9994930
Georgia,2014,10097355
Georgia,2015,10199780
Georgia,2016,10302206
Georgia,2017,10404632
Georgia,2018,10507057
Georgia,2019,10609482
Georgia,2020,10711908
Georgia,2021,10814334
Georgia,2022,10916759
Georgia,2023,11019184
Georgia,2024,11121610
Hawaii,1991,1135000
Hawaii,1992,1160000
Hawaii,1993,1172000
Hawaii,1994,1179000
Hawaii,1995,1187000
Hawaii,1996,1187000
Hawaii,1997,1187000
Hawaii,1998,1193000
Hawaii,1999,1185000
Hawaii,2000,1211537
Hawaii,2001,1226413
Hawaii,2002,1241290
Hawaii,2003,1256166
Hawaii,2004,1271043
Hawaii,2005,1285919
Hawaii,2006,1300795
Hawaii,2007,1315672
Hawaii,2008,1330548
Hawaii,2009,1345425
Hawaii,2010,1360301
Hawaii,2011,1369798
Hawaii,2012,1379295
Hawaii,2013,1388792
Hawaii,2014,1398289
Hawaii,2015,1407786
Hawaii,2016,1417283
Hawaii,2017,1426780
Hawaii,2018,1436277
Hawaii,2019,1445774
Hawaii,2020,1455271
Hawaii,2021,1464768
Hawaii,2022,1474265
Hawaii,2023,1483762
Hawaii,2024,1493259
Idaho,1991,1039000
Idaho,1992,1067000
Idaho,1993,1099000
Idaho,1994,1133000
Idaho,1995,1163000
Idaho,1996,1189000
Idaho,1997,1210000
Idaho,1998,1229000
Idaho,1999,1252000
Idaho,2000,1293953
Idaho,2001,1321316
Idaho,2002,1348679
Idaho,2003,1376042
Idaho,2004,1403405
Idaho,2005,1430768
Idaho,2006,1458130
Idaho,2007,1485493
Idaho,2008,1512856
Idaho,2009,1540219
Idaho,2010,1567582
Idaho,2011,1594734
Idaho,2012,1621887
Idaho,2013,1649039
Idaho,2014,1676192
Idaho,2015,1703344
Idaho,2016,1730496
Idaho,2017,1757649
Idaho,2018,1784801
Idaho,2019,1811954
Idaho,2020,1839106
Idaho,2021,1866258
Idaho,2022,1893411
Idaho,2023,1920563
Idaho,2024,1947716
Illinois,1991,11543000
Illinois,1992,11631000
Illinois,1993,11697000
Illinois,1994,11752000
Illinois,1995,11830000
Illinois,1996,11895000
Illinois,1997,11896000
Illinois,1998,11895000
Illinois,1999,12128000
Illinois,2000,12419293
Illinois,2001,12460427
Illinois,2002,12501561
Illinois,2003,12542695
Illinois,2004,12583829
Illinois,2005,12624962
Illinois,2006,12666096
Illinois,2007,12707230
Illinois,2008,12748364
Illinois,2009,12789498
Illinois,2010,12830632
Illinois,2011,12828820
Illinois,2012,12827007
Illinois,2013,12825195
Illinois,2014,12823382
Illinois,2015,12821570
Illinois,2016,12819758
Illinois,2017,12817945
Illinois,2018,12816133
Illinois,2019,12814320
Illinois,2020,12812508
Illinois,2021,12810696
Illinois,2022,12808883
Illinois,2023,12807071
Illinois,2024,12805258
Indiana,1991,5610000
Indiana,1992,5663000
Indiana,1993,5713000
Indiana,1994,5752000
Indiana,1995,5803000
Indiana,1996,5841000
Indiana,1997,5864000
Indiana,1998,5899000
Indiana,1999,5942000
Indiana,2000,6080485
Indiana,2001,6120817
Indiana,2002,6161148
Indiana,2003,6201480
Indiana,2004,6241812
Indiana,2005,6282144
Indiana,2006,6322475
Indiana,2007,6362807
Indiana,2008,6403139
Indiana,2009,6443470
Indiana,2010,6483802
Indiana,2011,6513975
Indiana,2012,6544147
Indiana,2013,6574320
Indiana,2014,6604492
Indiana,2015,6634665
Indiana,2016,6664838
Indiana,2017,6695010
Indiana,2018,6725183
Indiana,2019,6755355
Indiana,2020,6785528
Indiana,2021,6815701
Indiana,2022,6845873
Indiana,2023,6876046
Indiana,2024,6906218
Iowa,1991,2794000
Iowa,1992,2812000
Iowa,1993,2829000
Iowa,1994,2829000
Iowa,1995,2842000
Iowa,1996,2852000
Iowa,1997,2869000
Iowa,1998,2862000
Iowa,1999,2869000
Iowa,2000,2926324
Iowa,2001,2938327
Iowa,2002,2950330
Iowa,2003,2962333
Iowa,2004,2974336
Iowa,2005,2986340
Iowa,2006,2998343
Iowa,2007,3010346
Iowa,2008,3022349
Iowa,2009,3034352
Iowa,2010,3046355
Iowa,2011,3060756
Iowa,2012,3075158
Iowa,2013,3089559
Iowa,2014,3103961
Iowa,2015,3118362
Iowa,2016,3132763
Iowa,2017,3147165
Iowa,2018,3161566
Iowa,2019,3175968
Iowa,2020,3190369
Iowa,2021,3204770
Iowa,2022,3219172
Iowa,2023,3233573
Iowa,2024,3247975
Kansas,1991,2495000
Kansas,1992,2523000
Kansas,1993,2531000
Kansas,1994,2554000
Kansas,1995,2565000
Kansas,1996,2572000
Kansas,1997,2594000
Kansas,1998,2625000
Kansas,1999,2654000
Kansas,2000,2688418
Kansas,2001,2704888
Kansas,2002,2721358
Kansas,2003,2737828
Kansas,2004,2754298
Kansas,2005,2770768
Kansas,2006,2787238
Kansas,2007,2803708
Kansas,2008,2820178
Kansas,2009,2836648
Kansas,2010,2853118
Kansas,2011,2861594
Kansas,2012,2870070
Kansas,2013,2878547
Kansas,2014,2887023
Kansas,2015,2895499
Kansas,2016,2903975
Kansas,2017,2912451
Kansas,2018,2920928
Kansas,2019,2929404
Kansas,2020,2937880
Kansas,2021,2946356
Kansas,2022,2954832
Kansas,2023,2963309
Kansas,2024,2971785
Kentucky,1991,3713000
Kentucky,1992,3756000
Kentucky,1993,3789000
Kentucky,1994,3827000
Kentucky,1995,3860000
Kentucky,1996,3883000
Kentucky,1997,3908000
Kentucky,1998,3936000
Kentucky,1999,3960000
Kentucky,2000,4041769
Kentucky,2001,4071529
Kentucky,2002,4101289
Kentucky,2003,4131048
Kentucky,2004,4160808
Kentucky,2005,4190568
Kentucky,2006,4220328
Kentucky,2007,4250088
Kentucky,2008,4279847
Kentucky,2009,4309607
Kentucky,2010,4339367
Kentucky,2011,4356014
Kentucky,2012,4372661
Kentucky,2013,4389308
Kentucky,2014,4405955
Kentucky,2015,4422602
Kentucky,2016,4439248
Kentucky,2017,4455895
Kentucky,2018,4472542
Kentucky,2019,4489189
Kentucky,2020,4505836
Kentucky,2021,4522483
Kentucky,2022,4539130
Kentucky,2023,4555777
Kentucky,2024,4572424
Louisiana,1991,4252000
Louisiana,1992,4287000
Louisiana,1993,4295000
Louisiana,1994,4315000
Louisiana,1995,4342000
Louisiana,1996,4351000
Louisiana,1997,4352000
Louisiana,1998,4362000
Louisiana,1999,4372000
Louisiana,2000,4468976
Louisiana,2001,4475416
Louisiana,2002,4481855
Louisiana,2003,4488295
Louisiana,2004,4494734
Louisiana,2005,4501174
Louisiana,2006,4507614
Louisiana,2007,4514053
Louisiana,2008,4520493
Louisiana,2009,4526932
Louisiana,2010,4533372
Louisiana,2011,4545810
Louisiana,2012,4558249
Louisiana,2013,4570688
Louisiana,2014,4583126
Louisiana,2015,4595564
Louisiana,2016,4608003
Louisiana,2017,4620442
Louisiana,2018,4632880
Louisiana,2019,4645318
Louisiana,2020,4657757
Louisiana,2021,4670196
Louisiana,2022,4682634
Louisiana,2023,4695072
Louisiana,2024,4707511
Maine,1991,1235000
Maine,1992,1235000
Maine,1993,1239000
Maine,1994,1240000
Maine,1995,1241000
Maine,1996,1243000
Maine,1997,1244000
Maine,1998,1244000
Maine,1999,1253000
Maine,2000,1274923
Maine,2001,1280267
Maine,2002,1285611
Maine,2003,1290954
Maine,2004,1296298
Maine,2005,1301642
Maine,2006,1306986
Maine,2007,1312330
Maine,2008,1317673
Maine,2009,1323017
Maine,2010,1328361
Maine,2011,1331761
Maine,2012,1335161
Maine,2013,1338560
Maine,2014,1341960
Maine,2015,1345360
Maine,2016,1348760
Maine,2017,1352160
Maine,2018,1355559
Maine,2019,1358959
Maine,2020,1362359
Maine,2021,1365759
Maine,2022,1369159
Maine,2023,1372558
Maine,2024,1375958
Maryland,1991,4860000
Maryland,1992,4908000
Maryland,1993,4965000
Maryland,1994,5006000
Maryland,1995,5042000
Maryland,1996,5072000
Maryland,1997,5094000
Maryland,1998,5135000
Maryland,1999,5172000
Maryland,2000,5296486
Maryland,2001,5344193
Maryland,2002,5391899
Maryland,2003,5439606
Maryland,2004,5487312
Maryland,2005,5535019
Maryland,2006,5582726
Maryland,2007,5630432
Maryland,2008,5678139
Maryland,2009,5725845
Maryland,2010,5773552
Maryland,2011,5813919
Maryland,2012,5854286
Maryland,2013,5894654
Maryland,2014,5935021
Maryland,2015,5975388
Maryland,2016,6015755
Maryland,2017,6056122
Maryland,2018,6096490
Maryland,2019,6136857
Maryland,2020,6177224
Maryland,2021,6217591
Maryland,2022,6257958
Maryland,2023,6298326
Maryland,2024,6338693
Massachusetts,1991,5996000
Massachusetts,1992,5998000
Massachusetts,1993,6012000
Massachusetts,1994,6041000
Massachusetts,1995,6074000
Massachusetts,1996,6092000
Massachusetts,1997,6118000
Massachusetts,1998,6147000
Massachusetts,1999,6175000
Massachusetts,2000,6349097
Massachusetts,2001,6368950
Massachusetts,2002,6388803
Massachusetts,2003,6408657
Massachusetts,2004,6428510
Massachusetts,2005,6448363
Massachusetts,2006,6468216
Massachusetts,2007,6488069
Massachusetts,2008,6507923
Massachusetts,2009,6527776
Massachusetts,2010,6547629
Massachusetts,2011,6595858
Massachusetts,2012,6644087
Massachusetts,2013,6692315
Massachusetts,2014,6740544
Massachusetts,2015,6788773
Massachusetts,2016,6837002
Massachusetts,2017,6885231
Massachusetts,2018,6933459
Massachusetts,2019,6981688
Massachusetts,2020,7029917
Massachusetts,2021,7078146
Massachusetts,2022,7126375
Massachusetts,2023,7174603
Massachusetts,2024,7222832
Michigan,1991,9368000
Michigan,1992,9437000
Michigan,1993,9478000
Michigan,1994,9496000
Michigan,1995,9549000
Michigan,1996,9594000
Michigan,1997,9774000
Michigan,1998,9817000
Michigan,1999,9864000
Michigan,2000,9938444
Michigan,2001,9932964
Michigan,2002,9927483
Michigan,2003,9922003
Michigan,2004,9916522
Michigan,2005,9911042
Michigan,2006,9905562
Michigan,2007,9900081
Michigan,2008,9894601
Michigan,2009,9889120
Michigan,2010,9883640
Michigan,2011,9903009
Michigan,2012,9922378
Michigan,2013,9941747
Michigan,2014,9961116
Michigan,2015,9980486
Michigan,2016,9999855
Michigan,2017,10019224
Michigan,2018,10038593
Michigan,2019,10057962
Michigan,2020,10077331
Michigan,2021,10096700
Michigan,2022,10116069
Michigan,2023,10135438
Michigan,2024,10154807
Minnesota,1991,4432000
Minnesota,1992,4480000
Minnesota,1993,4517000
Minnesota,1994,4567000
Minnesota,1995,4610000
Minnesota,1996,4657000
Minnesota,1997,4685000
Minnesota,1998,4726000
Minnesota,1999,4776000
Minnesota,2000,4919479
Minnesota,2001,4957924
Minnesota,2002,4996368
Minnesota,2003,5034813
Minnesota,2004,5073257
Minnesota,2005,5111702
Minnesota,2006,5150147
Minnesota,2007,5188591
Minnesota,2008,5227036
Minnesota,2009,5265480
Minnesota,2010,5303925
Minnesota,2011,5344182
Minnesota,2012,5384439
Minnesota,2013,5424696
Minnesota,2014,5464953
Minnesota,2015,5505210
Minnesota,2016,5545466
Minnesota,2017,5585723
Minnesota,2018,5625980
Minnesota,2019,5666237
Minnesota,2020,5706494
Minnesota,2021,5746751
Minnesota,2022,5787008
Minnesota,2023,5827265
Minnesota,2024,5867522
Mississippi,1991,2592000
Mississippi,1992,2614000
Mississippi,1993,2643000
Mississippi,1994,2669000
Mississippi,1995,2697000
Mississippi,1996,2716000
Mississippi,1997,2730000
Mississippi,1998,2752000
Mississippi,1999,2769000
Mississippi,2000,2844658
Mississippi,2001,2856922
Mississippi,2002,2869186
Mississippi,2003,2881450
Mississippi,2004,2893714
Mississippi,2005,2905978
Mississippi,2006,2918241
Mississippi,2007,2930505
Mississippi,2008,2942769
Mississippi,2009,2955033
Mississippi,2010,2967297
Mississippi,2011,2966695
Mississippi,2012,2966093
Mississippi,2013,2965492
Mississippi,2014,2964890
Mississippi,2015,2964288
Mississippi,2016,2963686
Mississippi,2017,2963084
Mississippi,2018,2962483
Mississippi,2019,2961881
Mississippi,2020,2961279
Mississippi,2021,2960677
Mississippi,2022,2960075
Mississippi,2023,2959474
Mississippi,2024,2958872
Missouri,1991,5158000
Missouri,1992,5193000
Missouri,1993,5234000
Missouri,1994,5278000
Missouri,1995,5324000
Missouri,1996,5359000
Missouri,1997,5402000
Missouri,1998,5439000
Missouri,1999,5468000
Missouri,2000,5595211
Missouri,2001,5634583
Missouri,2002,5673954
Missouri,2003,5713326
Missouri,2004,5752697
Missouri,2005,5792069
Missouri,2006,5831441
Missouri,2007,5870812
Missouri,2008,5910184
Missouri,2009,5949555
Missouri,2010,5988927
Missouri,2011,6005526
Missouri,2012,6022124
Missouri,2013,6038723
Missouri,2014,6055321
Missouri,2015,6071920
Missouri,2016,6088519
Missouri,2017,6105117
Missouri,2018,6121716
Missouri,2019,6138314
Missouri,2020,6154913
Missouri,2021,6171512
Missouri,2022,6188110
Missouri,2023,6204709
Missouri,2024,6221307
Montana,1991,808000
Montana,1992,822000
Montana,1993,839000
Montana,1994,856000
Montana,1995,870000
Montana,1996,879000
Montana,1997,882000
Montana,1998,882000
Montana,1999,882000
Montana,2000,902195
Montana,2001,910917
Montana,2002,919639
Montana,2003,928361
Montana,2004,937083
Montana,2005,945805
Montana,2006,954527
Montana,2007,963249
Montana,2008,971971
Montana,2009,980693
Montana,2010,989415
Montana,2011,998896
Montana,2012,1008377
Montana,2013,1017858
Montana,2014,1027339
Montana,2015,1036820
Montana,2016,1046301
Montana,2017,1055782
Montana,2018,1065263
Montana,2019,1074744
Montana,2020,1084225
Montana,2021,1093706
Montana,2022,1103187
Montana,2023,1112668
Montana,2024,1122149
Nebraska,1991,1593000
Nebraska,1992,1606000
Nebraska,1993,1622000
Nebraska,1994,1637000
Nebraska,1995,1637000
Nebraska,1996,1652000
Nebraska,1997,1657000
Nebraska,1998,1662000
Nebraska,1999,1666000
Nebraska,2000,1711263
Nebraska,2001,1722771
Nebraska,2002,1734279
Nebraska,2003,1745786
Nebraska,2004,1757294
Nebraska,2005,1768802
Nebraska,2006,1780310
Nebraska,2007,1791818
Nebraska,2008,1803325
Nebraska,2009,1814833
Nebraska,2010,1826341
Nebraska,2011,1839857
Nebraska,2012,1853374
Nebraska,2013,1866890
Nebraska,2014,1880406
Nebraska,2015,1893922
Nebraska,2016,1907439
Nebraska,2017,1920955
Nebraska,2018,1934471
Nebraska,2019,1947988
Nebraska,2020,1961504
Nebraska,2021,1975020
Nebraska,2022,1988537
Nebraska,2023,2002053
Nebraska,2024,2015569
Nevada,1991,1284000
Nevada,1992,1327000
Nevada,1993,1389000
Nevada,1994,1457000
Nevada,1995,1530000
Nevada,1996,1603000
Nevada,1997,1677000
Nevada,1998,1747000
Nevada,1999,1809000
Nevada,2000,1998257
Nevada,2001,2068486
Nevada,2002,2138716
Nevada,2003,2208945
Nevada,2004,2279175
Nevada,2005,2349404
Nevada,2006,2419633
Nevada,2007,2489863
Nevada,2008,2560092
Nevada,2009,2630322
Nevada,2010,2700551
Nevada,2011,2740957
Nevada,2012,2781364
Nevada,2013,2821770
Nevada,2014,2862176
Nevada,2015,2902582
Nevada,2016,2942989
Nevada,2017,2983395
Nevada,2018,3023801
Nevada,2019,3064208
Nevada,2020,3104614
Nevada,2021,3145020
Nevada,2022,3185427
Nevada,2023,3225833
Nevada,2024,3266239
New Hampshire,1991,1105000
New Hampshire,1992,1111000
New Hampshire,1993,1125000
New Hampshire,1994,1137000
New Hampshire,1995,1148000
New Hampshire,1996,1162000
New Hampshire,1997,1173000
New Hampshire,1998,1185000
New Hampshire,1999,1201000
New Hampshire,2000,1235786
New Hampshire,2001,1243854
New Hampshire,2002,1251923
New Hampshire,2003,1259991
New Hampshire,2004,1268060
New Hampshire,2005,1276128
New Hampshire,2006,1284196
New Hampshire,2007,1292265
New Hampshire,2008,1300333
New Hampshire,2009,1308402
New Hampshire,2010,1316470
New Hampshire,2011,1322576
New Hampshire,2012,1328682
New Hampshire,2013,1334788
New Hampshire,2014,1340894
New Hampshire,2015,1347000
New Hampshire,2016,1353105
New Hampshire,2017,1359211
New Hampshire,2018,1365317
New Hampshire,2019,1371423
New Hampshire,2020,1377529
New Hampshire,2021,1383635
New Hampshire,2022,1389741
New Hampshire,2023,1395847
New Hampshire,2024,1401953
New Jersey,1991,7760000
New Jersey,1992,7789000
New Jersey,1993,7879000
New Jersey,1994,7903000
New Jersey,1995,7945000
New Jersey,1996,8053000
New Jersey,1997,8115000
New Jersey,1998,8115000
New Jersey,1999,8143000
New Jersey,2000,8414350
New Jersey,2001,8452104
New Jersey,2002,8489859
New Jersey,2003,8527613
New Jersey,2004,8565368
New Jersey,2005,8603122
New Jersey,2006,8640876
New Jersey,2007,8678631
New Jersey,2008,8716385
New Jersey,2009,8754140
New Jersey,2010,8791894
New Jersey,2011,8841604
New Jersey,2012,8891314
New Jersey,2013,8941024
New Jersey,2014,8990734
New Jersey,2015,9040444
New Jersey,2016,9090154
New Jersey,2017,9139864
New Jersey,2018,9189574
New Jersey,2019,9239284
New Jersey,2020,9288994
New Jersey,2021,9338704
New Jersey,2022,9388414
New Jersey,2023,9438124
New Jersey,2024,9487834
New Mexico,1991,1548000
New Mexico,1992,1581000
New Mexico,1993,1616000
New Mexico,1994,1654000
New Mexico,1995,1685000
New Mexico,1996,1713000
New Mexico,1997,1730000
New Mexico,1998,1736000
New Mexico,1999,1740000
New Mexico,2000,1819046
New Mexico,2001,1843059
New Mexico,2002,1867073
New Mexico,2003,1891086
New Mexico,2004,1915099
New Mexico,2005,1939112
New Mexico,2006,1963126
New Mexico,2007,1987139
New Mexico,2008,2011152
New Mexico,2009,2035166
New Mexico,2010,2059179
New Mexico,2011,2065013
New Mexico,2012,2070848
New Mexico,2013,2076682
New Mexico,2014,2082516
New Mexico,2015,2088350
New Mexico,2016,2094185
New Mexico,2017,2100019
New Mexico,2018,2105853
New Mexico,2019,2111688
New Mexico,2020,2117522
New Mexico,2021,2123356
New Mexico,2022,2129191
New Mexico,2023,2135025
New Mexico,2024,2140859
New York,1991,18058000
New York,1992,18197000
New York,1993,18197000
New York,1994,18169000
New York,1995,18136000
New York,1996,18185000
New York,1997,18137000
New York,1998,18175000
New York,1999,18196000
New York,2000,18976457
New York,2001,19016622
New York,2002,19056786
New York,2003,19096950
New York,2004,19137115
New York,2005,19177280
New York,2006,19217444
New York,2007,19257608
New York,2008,19297773
New York,2009,19337938
New York,2010,19378102
New York,2011,19460417
New York,2012,19542731
New York,2013,19625046
New York,2014,19707361
New York,2015,19789676
New York,2016,19871990
New York,2017,19954305
New York,2018,20036620
New York,2019,20118934
New York,2020,20201249
New York,2021,20283564
New York,2022,20365878
New York,2023,20448193
New York,2024,20530508
North Carolina,1991,6737000
North Carolina,1992,6843000
North Carolina,1993,6945000
North Carolina,1994,7070000
North Carolina,1995,7195000
North Carolina,1996,7322000
North Carolina,1997,7425000
North Carolina,1998,7546000
North Carolina,1999,7651000
North Carolina,2000,8049313
North Carolina,2001,8197930
North Carolina,2002,8346547
North Carolina,2003,8495164
North Carolina,2004,8643781
North Carolina,2005,8792398
North Carolina,2006,8941015
North Carolina,2007,9089632
North Carolina,2008,9238249
North Carolina,2009,9386866
North Carolina,2010,9535483
North Carolina,2011,9625874
North Carolina,2012,9716264
North Carolina,2013,9806654
North Carolina,2014,9897045
North Carolina,2015,9987436
North Carolina,2016,10077826
North Carolina,2017,10168216
North Carolina,2018,10258607
North Carolina,2019,10348998
North Carolina,2020,10439388
North Carolina,2021,10529778
North Carolina,2022,10620169
North Carolina,2023,10710560
North Carolina,2024,10800950
North Dakota,1991,635000
North Dakota,1992,637000
North Dakota,1993,636000
North Dakota,1994,637000
North Dakota,1995,641000
North Dakota,1996,643000
North Dakota,1997,641000
North Dakota,1998,638000
North Dakota,1999,634000
North Dakota,2000,642200
North Dakota,2001,645239
North Dakota,2002,648278
North Dakota,2003,651317
North Dakota,2004,654356
North Dakota,2005,657396
North Dakota,2006,660435
North Dakota,2007,663474
North Dakota,2008,666513
North Dakota,2009,669552
North Dakota,2010,672591
North Dakota,2011,683241
North Dakota,2012,693892
North Dakota,2013,704542
North Dakota,2014,715192
North Dakota,2015,725842
North Dakota,2016,736493
North Dakota,2017,747143
North Dakota,2018,757793
North Dakota,2019,768444
North Dakota,2020,779094
North Dakota,2021,789744
North Dakota,2022,800395
North Dakota,2023,811045
North Dakota,2024,821695
Ohio,1991,10939000
Ohio,1992,10974000
Ohio,1993,11017000
Ohio,1994,11102000
Ohio,1995,11151000
Ohio,1996,11173000
Ohio,1997,11186000
Ohio,1998,11209000
Ohio,1999,11257000
Ohio,2000,11353140
Ohio,2001,11371476
Ohio,2002,11389813
Ohio,2003,11408149
Ohio,2004,11426486
Ohio,2005,11444822
Ohio,2006,11463158
Ohio,2007,11481495
Ohio,2008,11499831
Ohio,2009,11518168
Ohio,2010,11536504
Ohio,2011,11562798
Ohio,2012,11589093
Ohio,2013,11615387
Ohio,2014,11641682
Ohio,2015,11667976
Ohio,2016,11694270
Ohio,2017,11720565
Ohio,2018,11746859
Ohio,2019,11773154
Ohio,2020,11799448
Ohio,2021,11825742
Ohio,2022,11852037
Ohio,2023,11878331
Ohio,2024,11904626
Oklahoma,1991,3175000
Oklahoma,1992,3212000
Oklahoma,1993,3231000
Oklahoma,1994,3258000
Oklahoma,1995,3278000
Oklahoma,1996,3300000
Oklahoma,1997,3317000
Oklahoma,1998,3347000
Oklahoma,1999,3358000
Oklahoma,2000,3450654
Oklahoma,2001,3480724
Oklahoma,2002,3510793
Oklahoma,2003,3540863
Oklahoma,2004,3570933
Oklahoma,2005,3601002
Oklahoma,2006,3631072
Oklahoma,2007,3661142
Oklahoma,2008,3691212
Oklahoma,2009,3721281
Oklahoma,2010,3751351
Oklahoma,2011,3772151
Oklahoma,2012,3792951
Oklahoma,2013,3813752
Oklahoma,2014,3834552
Oklahoma,2015,3855352
Oklahoma,2016,3876152
Oklahoma,2017,3896952
Oklahoma,2018,3917753
Oklahoma,2019,3938553
Oklahoma,2020,3959353
Oklahoma,2021,3980153
Oklahoma,2022,4000953
Oklahoma,2023,4021754
Oklahoma,2024,4042554
Oregon,1991,2922000
Oregon,1992,3001000
Oregon,1993,3032000
Oregon,1994,3086000
Oregon,1995,3141000
Oregon,1996,3204000
Oregon,1997,3243000
Oregon,1998,3282000
Oregon,1999,3316000
Oregon,2000,3421399
Oregon,2001,3462366
Oregon,2002,3503334
Oregon,2003,3544302
Oregon,2004,3585269
Oregon,2005,3626236
Oregon,2006,3667204
Oregon,2007,3708172
Oregon,2008,3749139
Oregon,2009,3790106
Oregon,2010,3831074
Oregon,2011,3871692
Oregon,2012,3912310
Oregon,2013,3952929
Oregon,2014,3993547
Oregon,2015,4034165
Oregon,2016,4074783
Oregon,2017,4115401
Oregon,2018,4156020
Oregon,2019,4196638
Oregon,2020,4237256
Oregon,2021,4277874
Oregon,2022,4318492
Oregon,2023,4359111
Oregon,2024,4399729
Pennsylvania,1991,11961000
Pennsylvania,1992,12009000
Pennsylvania,1993,12048000
Pennsylvania,1994,12052000
Pennsylvania,1995,12072000
Pennsylvania,1996,12056000
Pennsylvania,1997,12020000
Pennsylvania,1998,12001000
Pennsylvania,1999,11994000
Pennsylvania,2000,12281054
Pennsylvania,2001,12323186
Pennsylvania,2002,12365319
Pennsylvania,2003,12407452
Pennsylvania,2004,12449584
Pennsylvania,2005,12491716
Pennsylvania,2006,12533849
Pennsylvania,2007,12575982
Pennsylvania,2008,12618114
Pennsylvania,2009,12660246
Pennsylvania,2010,12702379
Pennsylvania,2011,12732411
Pennsylvania,2012,12762443
Pennsylvania,2013,12792475
Pennsylvania,2014,12822507
Pennsylvania,2015,12852540
Pennsylvania,2016,12882572
Pennsylvania,2017,12912604
Pennsylvania,2018,12942636
Pennsylvania,2019,12972668
Pennsylvania,2020,13002700
Pennsylvania,2021,13032732
Pennsylvania,2022,13062764
Pennsylvania,2023,13092796
Pennsylvania,2024,13122828
Rhode Island,1991,1004000
Rhode Island,1992,1004000
Rhode Island,1993,997000
Rhode Island,1994,990000
Rhode Island,1995,990000
Rhode Island,1996,990000
Rhode Island,1997,987000
Rhode Island,1998,988000
Rhode Island,1999,991000
Rhode Island,2000,1048319
Rhode Island,2001,1048744
Rhode Island,2002,1049169
Rhode Island,2003,1049593
Rhode Island,2004,1050018
Rhode Island,2005,1050443
Rhode Island,2006,1050868
Rhode Island,2007,1051293
Rhode Island,2008,1051717
Rhode Island,2009,1052142
Rhode Island,2010,1052567
Rhode Island,2011,1057048
Rhode Island,2012,1061529
Rhode Island,2013,1066011
Rhode Island,2014,1070492
Rhode Island,2015,1074973
Rhode Island,2016,1079454
Rhode Island,2017,1083935
Rhode Island,2018,1088417
Rhode Island,2019,1092898
Rhode Island,2020,1097379
Rhode Island,2021,1101860
Rhode Island,2022,1106341
Rhode Island,2023,1110823
Rhode Island,2024,1115304
South Carolina,1991,3560000
South Carolina,1992,3604000
South Carolina,1993,3644000
South Carolina,1994,3674000
South Carolina,1995,3673000
South Carolina,1996,3699000
South Carolina,1997,3760000
South Carolina,1998,3836000
South Carolina,1999,3886000
South Carolina,2000,4012012
South Carolina,2001,4073347
South Carolina,2002,4134682
South Carolina,2003,4196018
South Carolina,2004,4257353
South Carolina,2005,4318688
South Carolina,2006,4380023
South Carolina,2007,4441358
South Carolina,2008,4502694
South Carolina,2009,4564029
South Carolina,2010,4625364
South Carolina,2011,4674670
South Carolina,2012,4723976
South Carolina,2013,4773282
South Carolina,2014,4822588
South Carolina,2015,4871894
South Carolina,2016,4921201
South Carolina,2017,4970507
South Carolina,2018,5019813
South Carolina,2019,5069119
South Carolina,2020,5118425
South Carolina,2021,5167731
South Carolina,2022,5217037
South Carolina,2023,5266343
South Carolina,2024,5315649
South Dakota,1991,700000
South Dakota,1992,711000
South Dakota,1993,720000
South Dakota,1994,728000
South Dakota,1995,732000
South Dakota,1996,737000
South Dakota,1997,737000
South Dakota,1998,738000
South Dakota,1999,734000
South Dakota,2000,754844
South Dakota,2001,760778
South Dakota,2002,766711
South Dakota,2003,772645
South Dakota,2004,778578
South Dakota,2005,784512
South Dakota,2006,790446
South Dakota,2007,796379
South Dakota,2008,802313
South Dakota,2009,808246
South Dakota,2010,814180
South Dakota,2011,821429
South Dakota,2012,828677
South Dakota,2013,835926
South Dakota,2014,843175
South Dakota,2015,850424
South Dakota,2016,857672
South Dakota,2017,864921
South Dakota,2018,872170
South Dakota,2019,879418
South Dakota,2020,886667
South Dakota,2021,893916
South Dakota,2022,901164
South Dakota,2023,908413
South Dakota,2024,915662
Tennessee,1991,5099000
Tennessee,1992,5176000
Tennessee,1993,5256000
Tennessee,1994,5319000
Tennessee,1995,5256000
Tennessee,1996,5320000
Tennessee,1997,5368000
Tennessee,1998,5430000
Tennessee,1999,5484000
Tennessee,2000,5689283
Tennessee,2001,5754965
Tennessee,2002,5820647
Tennessee,2003,5886330
Tennessee,2004,5952012
Tennessee,2005,6017694
Tennessee,2006,6083376
Tennessee,2007,6149058
Tennessee,2008,6214741
Tennessee,2009,6280423
Tennessee,2010,6346105
Tennessee,2011,6402578
Tennessee,2012,6459052
Tennessee,2013,6515526
Tennessee,2014,6571999
Tennessee,2015,6628472
Tennessee,2016,6684946
Tennessee,2017,6741420
Tennessee,2018,6797893
Tennessee,2019,6854366
Tennessee,2020,6910840
Tennessee,2021,6967314
Tennessee,2022,7023787
Tennessee,2023,7080260
Tennessee,2024,7136734
Texas,1991,17349000
Texas,1992,17656000
Texas,1993,17998000
Texas,1994,18378000
Texas,1995,18724000
Texas,1996,19128000
Texas,1997,19439000
Texas,1998,19759000
Texas,1999,20044000
Texas,2000,20851820
Texas,2001,21281194
Texas,2002,21710568
Texas,2003,22139942
Texas,2004,22569316
Texas,2005,22998690
Texas,2006,23428065
Texas,2007,23857439
Texas,2008,24286813
Texas,2009,24716187
Texas,2010,25145561
Texas,2011,25545555
Texas,2012,25945550
Texas,2013,26345544
Texas,2014,26745539
Texas,2015,27145533
Texas,2016,27545527
Texas,2017,27945522
Texas,2018,28345516
Texas,2019,28745511
Texas,2020,29145505
Texas,2021,29545499
Texas,2022,29945494
Texas,2023,30345488
Texas,2024,30745483
Utah,1991,1770000
Utah,1992,1813000
Utah,1993,1860000
Utah,1994,1908000
Utah,1995,1951000
Utah,1996,2000000
Utah,1997,2059000
Utah,1998,2100000
Utah,1999,2130000
Utah,2000,2233169
Utah,2001,2286241
Utah,2002,2339312
Utah,2003,2392384
Utah,2004,2445455
Utah,2005,2498527
Utah,2006,2551599
Utah,2007,2604670
Utah,2008,2657742
Utah,2009,2710813
Utah,2010,2763885
Utah,2011,2814658
Utah,2012,2865431
Utah,2013,2916204
Utah,2014,2966977
Utah,2015,3017750
Utah,2016,3068524
Utah,2017,3119297
Utah,2018,3170070
Utah,2019,3220843
Utah,2020,3271616
Utah,2021,3322389
Utah,2022,3373162
Utah,2023,3423935
Utah,2024,3474708
Vermont,1991,567000
Vermont,1992,571000
Vermont,1993,578000
Vermont,1994,582000
Vermont,1995,585000
Vermont,1996,589000
Vermont,1997,591000
Vermont,1998,594000
Vermont,1999,594000
Vermont,2000,608827
Vermont,2001,610518
Vermont,2002,612210
Vermont,2003,613901
Vermont,2004,615593
Vermont,2005,617284
Vermont,2006,618975
Vermont,2007,620667
Vermont,2008,622358
Vermont,2009,624050
Vermont,2010,625741
Vermont,2011,627475
Vermont,2012,629208
Vermont,2013,630942
Vermont,2014,632675
Vermont,2015,634409
Vermont,2016,636143
Vermont,2017,637876
Vermont,2018,639610
Vermont,2019,641343
Vermont,2020,643077
Vermont,2021,644811
Vermont,2022,646544
Vermont,2023,648278
Vermont,2024,650011
Virginia,1991,6286000
Virginia,1992,6377000
Virginia,1993,6491000
Virginia,1994,6552000
Virginia,1995,6618000
Virginia,1996,6675000
Virginia,1997,6734000
Virginia,1998,6791000
Virginia,1999,6873000
Virginia,2000,7078515
Virginia,2001,7170766
Virginia,2002,7263017
Virginia,2003,7355268
Virginia,2004,7447519
Virginia,2005,7539770
Virginia,2006,7632020
Virginia,2007,7724271
Virginia,2008,7816522
Virginia,2009,7908773
Virginia,2010,8001024
Virginia,2011,8064061
Virginia,2012,8127098
Virginia,2013,8190135
Virginia,2014,8253172
Virginia,2015,8316208
Virginia,2016,8379245
Virginia,2017,8442282
Virginia,2018,8505319
Virginia,2019,8568356
Virginia,2020,8631393
Virginia,2021,8694430
Virginia,2022,8757467
Virginia,2023,8820504
Virginia,2024,8883541
Washington,1991,5018000
Washington,1992,5136000
Washington,1993,5255000
Washington,1994,5343000
Washington,1995,5430000
Washington,1996,5532000
Washington,1997,5610000
Washington,1998,5689000
Washington,1999,5756000
Washington,2000,5894121
Washington,2001,5977163
Washington,2002,6060205
Washington,2003,6143247
Washington,2004,6226289
Washington,2005,6309330
Washington,2006,6392372
Washington,2007,6475414
Washington,2008,6558456
Washington,2009,6641498
Washington,2010,6724540
Washington,2011,6822614
Washington,2012,6920688
Washington,2013,7018762
Washington,2014,7116836
Washington,2015,7214910
Washington,2016,7312985
Washington,2017,7411059
Washington,2018,7509133
Washington,2019,7607207
Washington,2020,7705281
Washington,2021,7803355
Washington,2022,7901429
Washington,2023,7999503
Washington,2024,8097577
West Virginia,1991,1801000
West Virginia,1992,1812000
West Virginia,1993,1820000
West Virginia,1994,1822000
West Virginia,1995,1828000
West Virginia,1996,1826000
West Virginia,1997,1815000
West Virginia,1998,1811000
West Virginia,1999,1806000
West Virginia,2000,1808344
West Virginia,2001,1812809
West Virginia,2002,1817274
West Virginia,2003,1821739
West Virginia,2004,1826204
West Virginia,2005,1830669
West Virginia,2006,1835134
West Virginia,2007,1839599
West Virginia,2008,1844064
West Virginia,2009,1848529
West Virginia,2010,1852994
West Virginia,2011,1847066
West Virginia,2012,1841138
West Virginia,2013,1835211
West Virginia,2014,1829283
West Virginia,2015,1823355
West Virginia,2016,1817427
West Virginia,2017,1811499
West Virginia,2018,1805572
West Virginia,2019,1799644
West Virginia,2020,1793716
West Virginia,2021,1787788
West Virginia,2022,1781860
West Virginia,2023,1775933
West Virginia,2024,1770005
Wisconsin,1991,4955000
Wisconsin,1992,4991000
Wisconsin,1993,5038000
Wisconsin,1994,5082000
Wisconsin,1995,5123000
Wisconsin,1996,5159000
Wisconsin,1997,5170000
Wisconsin,1998,5223000
Wisconsin,1999,5250000
Wisconsin,2000,5363675
Wisconsin,2001,5396006
Wisconsin,2002,5428337
Wisconsin,2003,5460668
Wisconsin,2004,5492999
Wisconsin,2005,5525330
Wisconsin,2006,5557662
Wisconsin,2007,5589993
Wisconsin,2008,5622324
Wisconsin,2009,5654655
Wisconsin,2010,5686986
Wisconsin,2011,5707659
Wisconsin,2012,5728332
Wisconsin,2013,5749006
Wisconsin,2014,5769679
Wisconsin,2015,5790352
Wisconsin,2016,5811025
Wisconsin,2017,5831698
Wisconsin,2018,5852372
Wisconsin,2019,5873045
Wisconsin,2020,5893718
Wisconsin,2021,5914391
Wisconsin,2022,5935064
Wisconsin,2023,5955738
Wisconsin,2024,5976411
Wyoming,1991,460000
Wyoming,1992,464000
Wyoming,1993,470000
Wyoming,1994,480000
Wyoming,1995,480000
Wyoming,1996,481000
Wyoming,1997,480000
Wyoming,1998,481000
Wyoming,1999,479000
Wyoming,2000,493782
Wyoming,2001,500766
Wyoming,2002,507751
Wyoming,2003,514735
Wyoming,2004,521720
Wyoming,2005,528704
Wyoming,2006,535688
Wyoming,2007,542673
Wyoming,2008,549657
Wyoming,2009,556642
Wyoming,2010,563626
Wyoming,2011,564948
Wyoming,2012,566271
Wyoming,2013,567594
Wyoming,2014,568916
Wyoming,2015,570238
Wyoming,2016,571561
Wyoming,2017,572884
Wyoming,2018,574206
Wyoming,2019,575528
Wyoming,2020,576851
Wyoming,2021,578174
Wyoming,2022,579496
Wyoming,2023,580818
Wyoming,2024,582141
